DATE,CPIAUCSL,CUSR0000SETG01,CUSR0000SAF116,CPIAPPSL,CUSR0000SAD,CUSR0000SEHF01,CPIENGSL,CPIUFDSL,CUSR0000SEHE,CUSR0000SETB01,CPIHOSSL,CPIMEDSL,CUSR0000SAM1,CUSR0000SETA01,CUUR0000SA0R,CUSR0000SEHA,CUSR0000SAH1,CPITRNSL,CUSR0000SETA02
1990-01-01,127.5,134.8,126.7,119.9,113.3,116.0,98.9,129.7,110.6,92.9,126.1,156.0,157.3,121.3,78.5,135.8,136.3,117.0,119.2
1990-02-01,128.0,138.2,127.0,122.0,113.4,117.2,98.2,130.8,92.8,93.0,126.2,157.1,158.7,121.2,78.2,136.1,136.6,117.2,118.7
1990-03-01,128.6,141.0,127.6,123.8,113.3,117.1,97.6,131.0,89.8,92.3,126.8,158.3,159.7,120.9,77.7,136.7,137.6,117.3,118.5
1990-04-01,128.9,144.1,127.9,124.1,113.2,117.8,97.5,130.8,88.4,92.8,127.1,159.6,160.9,120.8,77.6,137.2,138.2,117.7,118.2
1990-05-01,129.1,145.9,128.6,124.0,113.2,117.5,96.7,131.1,87.5,91.7,127.3,160.8,161.8,120.9,77.4,137.6,138.6,117.5,117.6
1990-06-01,129.9,147.9,129.1,124.2,113.0,117.3,97.3,132.1,85.5,92.6,128.1,162.0,163.0,120.8,77.0,138.2,139.6,118.0,117.3
1990-07-01,130.5,148.8,129.6,124.2,113.2,116.9,97.1,132.8,84.4,93.1,128.7,163.4,163.8,120.8,76.7,138.7,140.7,118.5,117.5
1990-08-01,131.6,149.9,130.0,124.5,113.4,117.1,101.6,133.2,94.4,100.9,129.7,164.8,164.8,121.1,76.0,139.3,141.8,120.7,117.2
1990-09-01,132.5,152.8,130.7,125.4,113.4,117.5,106.5,133.6,107.2,109.3,130.2,165.9,166.0,121.2,75.4,139.7,142.1,123.2,117.2
1990-10-01,133.4,156.6,131.0,125.4,113.8,117.6,110.8,134.1,120.3,116.9,130.6,167.3,167.1,121.8,74.9,140.2,142.4,125.6,116.8
1990-11-01,133.7,159.3,131.2,125.4,113.8,118.3,111.2,134.5,117.2,117.2,130.8,168.7,168.2,122.5,74.8,140.5,142.6,126.1,115.4
1990-12-01,134.2,162.8,131.5,126.2,114.1,117.9,111.0,134.6,113.1,117.6,131.0,169.8,169.5,123.4,74.7,141.0,143.2,126.9,116.3
1991-01-01,134.7,163.2,137.8,126.9,114.5,120.8,108.5,135.0,108.2,110.9,132.0,171.0,170.7,124.2,74.3,141.2,144.2,125.5,116.6
1991-02-01,134.8,164.5,141.7,127.3,115.1,121.5,104.5,135.1,103.0,102.5,132.4,172.1,171.5,124.8,74.2,141.6,144.5,123.9,116.6
1991-03-01,134.8,159.4,141.9,127.0,115.3,121.8,101.9,135.3,97.6,97.8,132.6,173.2,172.8,125.3,74.1,142.1,144.8,122.7,116.8
1991-04-01,135.1,151.9,142.2,127.5,115.5,121.2,101.2,136.1,93.3,97.7,132.7,174.3,173.9,125.5,73.9,142.6,145.2,122.5,117.2
1991-05-01,135.6,151.6,142.4,128.0,115.9,121.8,102.1,136.6,90.5,99.2,133.1,175.2,175.1,125.7,73.7,143.0,145.6,123.2,117.9
1991-06-01,136.0,153.9,142.8,127.9,116.1,120.6,101.1,137.4,90.0,98.2,133.2,176.4,176.3,126.0,73.5,143.2,145.9,123.4,118.4
1991-07-01,136.2,153.8,143.2,128.7,116.5,121.7,100.7,136.7,89.5,96.5,133.6,177.4,177.5,126.3,73.4,143.7,146.4,123.3,119.4
1991-08-01,136.6,155.8,143.7,129.9,116.4,121.4,101.1,136.2,90.2,97.5,133.8,178.8,178.9,126.4,73.2,143.7,146.7,124.0,118.7
1991-09-01,137.0,153.3,144.3,130.0,116.5,122.0,101.5,136.4,91.1,97.6,134.3,179.9,180.0,126.4,72.9,144.4,147.2,124.1,118.4
1991-10-01,137.2,150.2,144.5,130.1,116.5,122.6,101.6,136.2,92.0,96.8,134.7,180.9,180.7,126.7,72.8,144.4,147.7,123.9,118.6
1991-11-01,137.8,150.6,144.4,131.0,116.7,122.1,102.4,136.7,95.3,97.7,135.2,181.9,181.7,127.0,72.6,144.8,148.2,124.5,119.0
1991-12-01,138.2,153.1,144.6,130.7,116.8,123.9,103.1,137.0,93.8,98.8,135.6,183.1,182.1,127.5,72.5,145.1,148.9,125.1,119.1
1992-01-01,138.3,156.0,145.2,130.9,117.1,123.2,101.5,136.6,89.3,97.0,135.9,184.3,183.3,127.6,72.4,145.4,149.4,124.6,118.6
1992-02-01,138.6,154.7,145.7,131.0,117.3,123.1,101.2,137.1,88.7,96.5,136.1,185.6,184.9,127.9,72.2,145.7,149.6,124.5,118.0
1992-03-01,139.1,158.8,146.4,131.3,117.8,123.5,101.2,137.6,88.3,96.8,136.4,186.8,186.2,128.3,71.8,146.5,150.0,125.0,118.6
1992-04-01,139.4,160.7,146.7,130.7,118.1,123.5,101.4,137.5,88.6,96.6,136.7,187.9,187.5,128.6,71.7,146.2,150.2,125.6,120.2
1992-05-01,139.7,155.5,147.1,131.6,118.3,124.3,102.0,137.2,89.5,97.5,136.9,188.7,187.4,129.0,71.6,146.5,150.6,125.9,121.3
1992-06-01,140.1,145.4,147.3,132.1,118.5,124.3,103.3,137.6,91.3,99.8,137.4,189.6,187.9,129.3,71.3,146.7,151.1,126.4,122.5
1992-07-01,140.5,150.1,147.5,132.7,118.7,124.1,103.7,137.4,92.4,100.3,137.7,190.6,188.4,129.3,71.2,147.0,151.4,126.9,123.5
1992-08-01,140.8,147.8,147.6,132.3,118.9,124.1,103.5,138.4,92.8,99.7,137.9,191.5,188.9,129.8,71.0,147.0,151.7,127.0,125.0
1992-09-01,141.1,146.1,148.0,132.2,119.1,124.4,103.6,138.9,92.5,99.6,138.1,192.4,189.6,130.0,70.8,147.1,151.8,127.0,126.2
1992-10-01,141.7,157.6,148.2,132.5,119.4,124.3,104.3,138.9,92.5,100.8,138.6,193.5,190.1,130.0,70.5,147.9,152.5,128.1,127.4
1992-11-01,142.1,164.5,148.6,132.7,119.8,125.0,105.1,138.7,92.3,101.3,139.0,194.5,190.9,130.4,70.4,148.4,152.9,128.7,128.3
1992-12-01,142.3,165.7,148.7,132.8,119.8,126.0,105.3,138.8,90.9,101.7,139.2,195.3,191.5,130.5,70.5,148.5,153.2,128.9,128.0
1993-01-01,142.8,170.7,149.0,132.8,119.8,125.8,105.0,139.1,90.2,101.5,139.6,196.4,192.1,130.9,70.1,148.9,153.8,129.2,127.4
1993-02-01,143.1,174.4,149.1,134.0,119.8,123.5,104.3,139.6,89.8,101.5,139.6,197.4,192.9,131.1,69.9,149.1,154.1,129.6,126.0
1993-03-01,143.3,173.4,149.0,134.0,120.1,125.8,104.9,139.6,91.3,100.7,140.0,198.1,193.3,131.3,69.7,149.1,154.3,129.4,126.6
1993-04-01,143.8,172.1,149.2,134.0,120.4,126.8,104.9,140.0,91.8,99.9,140.6,199.1,193.3,131.7,69.5,149.7,155.0,129.6,128.7
1993-05-01,144.2,176.3,149.2,133.5,120.7,127.1,104.3,141.0,91.2,97.9,140.8,200.5,194.1,132.2,69.3,150.0,155.3,129.9,131.5
1993-06-01,144.3,174.7,149.4,133.0,121.0,127.0,103.9,140.6,91.5,96.5,141.2,201.3,194.7,132.3,69.3,150.4,155.8,129.9,134.3
1993-07-01,144.5,179.6,149.5,132.8,121.2,127.3,103.4,140.6,91.4,95.2,141.3,202.2,195.5,132.9,69.2,150.4,155.9,130.1,136.1
1993-08-01,144.8,179.8,149.8,134.0,121.7,127.2,103.4,141.1,90.5,95.0,141.7,202.8,196.1,133.4,69.0,150.8,156.2,130.5,137.5
1993-09-01,145.0,180.8,150.0,133.7,122.1,127.5,103.0,141.4,89.9,93.9,142.0,203.6,196.4,133.6,68.9,151.0,156.5,130.4,138.7
1993-10-01,145.6,180.8,150.2,133.8,122.5,127.7,105.3,142.0,89.7,98.7,142.3,204.5,196.9,134.2,68.6,151.3,156.9,132.0,139.8
1993-11-01,146.0,188.3,150.4,134.4,122.9,127.0,104.4,142.3,89.2,97.3,142.6,205.1,197.1,134.6,68.6,151.5,157.3,132.2,140.7
1993-12-01,146.3,193.8,150.9,134.1,123.0,126.9,103.7,142.8,87.3,95.8,143.0,205.8,197.5,134.9,68.6,151.9,157.8,132.1,139.3
1994-01-01,146.3,191.5,151.3,133.3,123.2,126.3,102.8,142.9,87.2,94.6,143.2,206.4,198.0,135.3,68.4,152.2,158.2,131.7,136.8
1994-02-01,146.7,191.8,151.0,133.2,123.1,126.6,104.1,142.7,91.1,96.2,143.7,207.2,198.4,135.7,68.2,152.7,158.8,132.3,134.1
1994-03-01,147.1,195.5,151.0,133.8,123.3,126.4,104.3,142.7,90.8,95.8,144.1,207.9,198.6,136.1,67.9,153.2,159.4,132.6,133.6
1994-04-01,147.2,192.3,151.1,133.5,123.5,125.8,103.7,143.0,89.2,95.7,144.0,209.0,199.4,136.4,67.9,153.3,159.5,132.8,135.3
1994-05-01,147.5,182.1,151.2,134.0,124.3,126.3,102.8,143.3,88.5,93.9,144.4,209.7,200.0,137.0,67.8,153.4,159.9,132.4,137.9
1994-06-01,147.9,182.3,151.5,134.8,124.8,126.5,103.1,143.8,88.6,94.9,144.6,210.5,200.4,137.5,67.6,153.5,160.1,133.2,140.9
1994-07-01,148.4,184.7,151.6,134.2,125.3,126.9,104.5,144.6,89.3,97.8,144.8,211.3,201.0,138.1,67.4,154.0,160.4,134.4,142.6
1994-08-01,149.0,187.4,151.5,133.2,125.5,127.1,106.7,145.1,89.5,102.4,145.3,212.2,201.6,138.4,67.1,154.5,161.2,136.0,144.0
1994-09-01,149.3,185.2,151.6,133.6,125.7,126.7,106.1,145.3,88.9,101.8,145.5,213.1,202.0,138.9,66.9,155.0,161.6,136.1,145.4
1994-10-01,149.4,179.9,151.7,133.0,125.9,126.8,105.7,145.3,87.8,101.3,145.7,214.1,202.4,139.2,66.9,155.1,162.1,136.2,147.7
1994-11-01,149.8,177.8,152.3,132.5,126.3,127.7,106.1,145.6,87.4,102.1,146.0,215.0,203.2,139.2,66.8,155.5,162.6,136.7,150.1
1994-12-01,150.1,175.3,152.2,132.1,126.6,127.5,105.9,146.8,87.2,101.9,146.0,215.9,203.4,139.4,66.8,155.7,162.5,137.1,151.5
1995-01-01,150.5,179.5,152.2,132.2,126.9,128.6,105.7,146.7,87.3,100.9,146.6,216.6,203.3,139.8,66.5,156.1,163.1,137.4,152.4
1995-02-01,150.9,181.4,152.2,131.9,127.4,128.6,105.8,147.3,86.9,100.9,146.9,217.4,203.3,139.9,66.3,156.3,163.5,137.9,153.3
1995-03-01,151.2,188.5,152.8,132.2,127.6,128.6,105.5,147.1,87.1,100.2,147.2,218.1,203.4,140.0,66.0,156.6,164.0,138.4,154.8
1995-04-01,151.8,191.2,153.2,131.9,127.9,128.4,105.6,148.1,87.3,100.5,147.6,218.6,203.3,140.6,65.8,157.0,164.5,139.2,156.7
1995-05-01,152.1,191.2,153.6,131.6,128.0,128.5,105.8,148.2,88.2,101.6,147.9,219.2,203.4,140.9,65.7,157.3,165.1,139.7,157.7
1995-06-01,152.4,200.4,153.8,131.3,128.0,129.3,106.7,148.3,88.9,103.6,148.2,219.9,203.7,141.1,65.6,157.6,165.5,140.6,158.3
1995-07-01,152.6,199.2,153.9,131.4,128.0,129.2,105.8,148.5,89.3,101.2,148.6,220.6,204.1,141.0,65.6,158.0,166.0,139.9,157.5
1995-08-01,152.9,191.6,154.8,132.5,128.2,131.2,105.6,148.6,89.3,99.6,149.0,221.6,204.6,141.1,65.4,158.2,166.3,139.4,157.0
1995-09-01,153.1,189.7,154.7,132.3,128.3,128.7,104.1,149.1,88.9,98.1,149.2,222.4,205.1,141.3,65.3,158.5,166.9,139.1,156.5
1995-10-01,153.5,193.7,155.0,132.4,128.4,130.9,104.4,149.5,88.0,97.6,149.8,223.0,205.9,141.6,65.1,158.8,167.4,139.5,157.2
1995-11-01,153.7,191.5,155.4,132.0,128.6,131.4,103.4,149.6,87.5,95.8,150.0,223.7,206.6,141.9,65.1,159.2,167.9,139.1,157.8
1995-12-01,153.9,178.4,155.2,132.2,128.7,131.2,104.4,149.9,88.5,97.5,150.3,224.3,206.9,142.1,65.1,159.6,168.2,139.1,158.2
1996-01-01,154.7,179.4,155.8,132.7,129.0,131.2,106.9,150.4,94.9,101.3,150.9,225.2,207.9,142.4,64.8,159.9,168.7,140.4,158.1
1996-02-01,155.0,188.4,156.5,132.2,129.1,131.4,107.1,150.8,94.1,101.4,151.2,225.7,208.3,142.8,64.5,160.3,169.1,140.9,158.4
1996-03-01,155.5,187.9,157.1,132.6,129.3,131.6,108.3,151.4,96.2,104.0,151.6,226.2,208.7,143.0,64.2,160.6,169.6,141.5,159.1
1996-04-01,156.1,187.7,157.6,131.8,129.2,132.9,111.2,152.0,100.2,108.6,151.9,226.8,209.3,143.0,64.0,160.9,169.9,142.9,158.1
1996-05-01,156.4,189.2,158.0,131.8,129.2,131.7,112.0,151.9,99.2,109.7,152.3,227.4,209.7,143.2,63.9,161.3,170.4,143.5,157.4
1996-06-01,156.7,192.1,158.4,131.6,129.3,129.7,110.3,152.9,95.8,108.0,152.4,228.0,210.3,143.6,63.8,161.8,170.7,143.4,156.7
1996-07-01,157.0,192.9,158.7,131.3,129.3,131.5,110.1,153.4,95.2,106.1,153.0,228.6,210.6,143.8,63.7,162.3,171.4,143.0,156.7
1996-08-01,157.2,190.9,159.1,130.6,129.5,132.3,109.7,153.9,95.7,104.4,153.4,229.1,211.0,144.0,63.6,162.5,171.8,143.0,156.6
1996-09-01,157.7,196.0,159.6,131.3,129.7,132.4,109.8,154.6,98.3,104.4,153.7,229.7,211.5,144.5,63.4,162.9,172.1,143.6,156.8
1996-10-01,158.2,200.1,160.2,131.3,129.6,132.3,110.5,155.5,104.5,104.9,154.0,230.3,212.6,144.5,63.2,163.2,172.5,143.9,156.2
1996-11-01,158.7,200.1,160.4,131.6,129.5,131.8,111.8,156.1,106.7,107.2,154.4,231.0,212.3,144.6,63.1,163.6,173.0,144.6,155.7
1996-12-01,159.1,204.7,160.8,131.9,129.6,132.2,113.9,156.3,109.5,110.2,154.7,231.2,212.3,144.7,63.1,163.9,173.1,145.7,154.9
1997-01-01,159.4,198.1,161.2,132.3,129.4,132.4,115.2,155.9,108.3,110.6,155.3,231.8,213.0,144.6,62.8,164.3,173.8,145.6,154.8
1997-02-01,159.7,192.9,161.6,133.0,129.5,132.8,115.0,156.5,105.6,110.8,155.7,232.2,213.8,144.6,62.6,164.7,174.3,145.2,154.7
1997-03-01,159.8,201.6,161.8,132.4,129.6,133.0,113.0,156.6,102.4,108.6,155.7,233.0,214.5,144.7,62.5,165.1,174.6,145.0,155.0
1997-04-01,159.9,204.1,162.1,133.0,129.3,133.3,111.0,156.5,100.3,105.1,156.0,233.5,214.9,144.6,62.4,165.6,175.1,144.3,154.3
1997-05-01,159.9,201.5,162.5,133.3,129.3,132.9,108.8,156.6,100.1,101.4,156.2,234.1,215.5,144.4,62.5,166.0,175.6,143.3,153.5
1997-06-01,160.2,199.1,162.6,133.1,129.0,133.0,110.0,156.9,99.6,102.9,156.6,234.4,215.6,144.3,62.4,166.5,176.0,143.6,151.6
1997-07-01,160.4,203.6,163.1,133.3,128.6,132.4,109.1,157.2,98.2,101.2,156.9,234.7,215.6,144.3,62.3,166.9,176.5,143.3,150.1
1997-08-01,160.8,194.0,163.4,132.7,128.3,131.9,110.9,157.7,97.6,106.1,157.1,235.1,215.4,144.2,62.2,167.3,177.0,144.1,149.0
1997-09-01,161.2,198.0,163.6,132.9,128.1,132.4,112.4,158.0,96.5,108.7,157.5,235.5,215.5,144.0,62.0,167.8,177.4,144.8,148.2
1997-10-01,161.5,205.5,163.8,132.7,128.1,131.9,111.8,158.3,96.9,106.6,157.8,236.1,215.9,144.1,61.9,168.2,177.9,144.7,147.3
1997-11-01,161.7,197.5,163.9,132.7,127.8,133.1,111.4,158.6,96.7,104.4,158.3,236.9,216.3,143.8,61.9,168.6,178.4,143.9,147.0
1997-12-01,161.8,194.8,164.2,133.0,127.7,130.5,109.8,158.7,95.2,103.2,158.4,237.8,217.1,143.3,62.0,169.0,178.9,143.7,147.4
1998-01-01,162.0,200.1,164.6,133.1,127.8,129.9,107.5,159.5,92.8,99.4,158.7,238.1,217.9,143.4,61.9,169.4,179.4,143.0,148.1
1998-02-01,162.0,206.6,164.7,133.0,127.9,128.2,105.1,159.4,91.3,96.0,158.8,238.8,218.3,143.6,61.8,169.8,179.8,142.4,148.7
1998-03-01,162.0,210.7,164.9,132.7,127.7,127.5,103.3,159.7,91.6,91.7,159.2,239.4,218.3,143.8,61.7,170.3,180.3,141.5,148.4
1998-04-01,162.2,210.1,165.1,132.3,127.8,127.8,102.4,159.7,91.0,89.4,159.6,240.3,219.8,143.8,61.5,170.8,180.8,140.9,148.9
1998-05-01,162.6,205.0,165.0,132.7,127.5,128.1,103.2,160.3,91.6,91.2,160.0,241.2,221.2,143.1,61.4,171.3,181.4,141.2,149.9
1998-06-01,162.8,200.9,165.5,133.3,127.5,127.9,103.6,160.2,91.2,92.6,160.2,241.8,221.6,142.8,61.4,171.8,181.8,141.4,150.8
1998-07-01,163.2,207.3,165.7,133.5,127.8,127.5,103.3,160.6,91.5,92.3,160.5,242.5,221.8,143.4,61.3,172.3,182.1,141.7,151.4
1998-08-01,163.4,207.8,165.8,135.1,127.8,127.0,102.1,161.0,91.0,90.3,160.8,243.3,223.0,144.1,61.2,172.9,182.8,141.6,151.4
1998-09-01,163.5,206.0,166.4,133.1,127.3,126.0,101.3,161.1,88.8,89.7,161.1,244.1,224.2,143.6,61.1,173.4,183.4,141.2,151.6
1998-10-01,163.9,205.2,166.7,132.7,127.1,125.7,101.5,162.0,87.8,90.5,161.5,244.8,224.6,143.2,61.0,173.9,184.0,141.4,152.0
1998-11-01,164.1,200.8,167.0,132.7,127.2,126.5,101.1,162.2,86.9,89.4,161.9,245.3,225.1,143.2,61.0,174.4,184.5,141.3,153.0
1998-12-01,164.4,202.8,167.4,132.0,127.0,126.2,100.1,162.4,84.2,87.4,162.2,245.9,226.0,143.3,61.0,174.8,185.0,140.9,152.4
1999-01-01,164.7,206.4,167.6,131.5,126.7,126.3,99.7,163.0,83.7,86.7,162.2,246.5,226.2,143.5,60.8,175.2,185.1,140.8,150.6
1999-02-01,164.7,211.4,168.6,130.8,126.2,126.5,99.2,163.3,82.9,85.1,162.4,247.3,226.9,143.0,60.8,175.5,185.3,140.0,148.3
1999-03-01,164.8,221.3,168.4,130.4,125.9,126.7,100.4,163.3,83.4,87.7,162.7,247.9,227.6,142.8,60.6,175.9,185.7,140.7,147.4
1999-04-01,165.9,225.8,168.8,131.7,125.9,126.7,105.5,163.5,85.6,98.9,163.1,248.7,229.0,142.8,60.2,176.4,186.3,143.6,148.3
1999-05-01,166.0,220.2,169.3,131.7,125.7,126.5,104.9,163.8,87.3,97.5,163.3,249.3,229.2,142.8,60.2,176.8,186.6,143.4,149.6
1999-06-01,166.0,209.7,169.5,131.7,125.8,125.8,104.5,163.7,88.8,96.6,163.6,250.0,230.0,142.8,60.2,177.2,187.0,143.0,150.9
1999-07-01,166.7,223.3,169.9,131.5,125.9,125.9,106.7,163.9,91.0,100.7,164.0,250.9,231.2,142.7,60.0,177.6,187.5,144.6,152.3
1999-08-01,167.1,217.2,170.2,130.9,126.0,125.8,109.5,164.2,93.6,106.1,164.3,251.7,232.3,142.7,59.8,178.0,187.8,145.9,153.8
1999-09-01,167.8,213.6,170.7,131.2,126.1,126.1,111.8,164.6,97.2,109.9,164.9,252.5,233.1,142.8,59.6,178.5,188.4,147.0,155.7
1999-10-01,168.1,224.9,170.5,131.4,126.1,127.0,112.0,165.0,99.4,109.8,165.1,253.1,233.6,143.0,59.4,178.8,188.6,147.6,156.4
1999-11-01,168.4,226.4,171.2,131.0,125.8,127.1,111.5,165.3,101.0,108.5,165.5,253.9,234.4,142.8,59.4,179.7,189.2,147.5,156.1
1999-12-01,168.8,224.9,171.8,131.3,125.5,127.1,113.8,165.5,104.9,114.1,165.7,254.9,234.9,142.6,59.4,180.1,189.5,148.8,155.0
2000-01-01,169.3,221.8,172.4,130.7,125.3,126.9,115.0,165.6,111.0,115.9,166.5,255.6,235.5,142.4,59.2,180.9,190.6,149.1,153.9
2000-02-01,170.0,230.2,173.0,130.4,125.1,127.6,118.8,166.2,141.1,119.8,167.3,256.5,235.6,142.2,58.9,181.3,190.9,150.0,153.0
2000-03-01,171.0,240.7,173.5,130.3,125.5,127.4,124.3,166.5,125.1,133.2,167.7,257.7,236.2,142.7,58.4,181.9,191.6,153.6,153.0
2000-04-01,170.9,239.5,173.6,129.8,125.4,127.6,120.9,166.7,120.6,125.6,167.9,258.4,236.8,143.0,58.4,182.3,191.9,152.1,154.0
2000-05-01,171.2,241.3,173.8,129.7,125.8,127.2,120.0,167.3,120.6,123.6,168.3,259.2,237.4,143.2,58.3,182.8,192.4,152.0,155.4
2000-06-01,172.2,245.0,174.4,129.3,125.5,127.9,126.8,167.4,122.6,135.2,169.2,260.3,237.7,143.2,58.0,183.4,193.1,155.0,155.7
2000-07-01,172.7,246.8,175.2,128.9,125.4,128.8,127.3,168.3,125.5,133.7,169.9,261.2,238.1,143.3,57.9,184.1,193.6,154.6,155.3
2000-08-01,172.7,250.4,175.6,128.9,125.3,128.8,123.8,168.7,126.3,126.3,170.2,262.4,238.9,143.2,57.9,184.8,194.1,153.2,155.2
2000-09-01,173.6,244.9,175.5,129.5,125.3,129.3,129.2,168.9,138.6,134.2,171.1,263.3,239.4,142.7,57.6,185.4,194.7,155.2,156.2
2000-10-01,173.9,236.3,175.9,129.2,125.2,129.4,129.6,169.0,140.4,132.6,171.8,264.1,239.9,142.2,57.5,186.1,195.3,154.7,157.9
2000-11-01,174.2,238.0,176.4,129.2,125.3,130.2,129.2,169.2,141.5,131.8,172.2,264.7,240.6,142.3,57.4,186.7,195.8,155.0,159.3
2000-12-01,174.6,238.2,176.5,129.1,125.5,130.5,130.1,170.0,144.3,130.5,172.8,265.6,241.5,142.6,57.5,187.4,196.1,155.1,160.2
2001-01-01,175.6,239.0,177.2,129.4,125.5,133.9,135.0,170.3,145.2,130.6,174.5,267.2,242.6,142.5,57.1,188.0,196.8,155.4,160.4
2001-02-01,176.0,242.0,177.7,129.6,125.7,133.3,134.1,171.2,138.2,129.2,174.9,268.3,243.8,142.4,56.9,188.7,197.5,155.2,160.4
2001-03-01,176.1,238.6,177.8,129.5,125.4,133.9,131.7,171.7,131.9,125.6,175.3,269.4,244.8,142.3,56.7,189.5,198.3,154.2,159.9
2001-04-01,176.4,235.5,178.1,128.2,125.2,134.5,132.3,172.1,130.5,128.1,175.4,270.4,245.6,142.3,56.5,190.2,198.8,154.8,159.7
2001-05-01,177.3,237.5,178.5,127.4,124.8,136.1,138.4,172.4,130.4,140.1,176.1,271.3,246.5,142.2,56.3,191.1,199.6,157.6,159.1
2001-06-01,177.7,249.3,179.1,127.4,124.6,140.6,136.9,173.1,131.4,137.1,176.8,272.4,247.8,142.1,56.2,191.8,200.5,157.3,158.9
2001-07-01,177.4,248.8,179.7,127.3,124.4,141.3,129.6,173.6,128.6,123.0,176.8,272.8,248.0,142.1,56.3,192.5,200.9,154.0,158.3
2001-08-01,177.4,244.3,180.0,126.4,124.2,140.7,127.3,174.0,127.6,120.3,177.1,274.3,248.8,141.6,56.3,193.2,201.8,153.4,158.0
2001-09-01,178.1,242.5,180.4,125.8,123.9,140.1,130.9,174.2,129.7,130.9,177.0,275.2,249.6,141.4,56.1,194.0,202.0,156.0,157.3
2001-10-01,177.6,236.4,180.8,125.8,123.9,139.9,122.9,174.8,124.0,117.0,176.9,276.3,250.5,141.6,56.3,194.7,202.5,152.9,157.8
2001-11-01,177.5,230.0,181.2,125.4,124.0,139.4,116.9,174.9,119.7,104.1,177.5,277.4,251.1,142.2,56.4,195.4,203.5,150.2,157.4
2001-12-01,177.4,229.0,180.9,124.9,124.0,138.6,113.9,174.7,112.6,99.2,177.9,278.2,252.0,142.5,56.6,196.2,204.3,149.2,157.2
2002-01-01,177.7,236.7,181.8,124.4,123.2,137.8,114.2,175.3,109.7,100.5,178.3,279.8,252.9,141.5,56.5,196.8,205.1,149.3,155.6
2002-02-01,178.0,235.3,182.6,124.6,122.3,137.0,113.5,175.7,107.3,99.7,178.7,280.4,253.6,140.2,56.2,197.5,206.0,148.7,153.9
2002-03-01,178.5,233.3,182.5,125.3,121.9,137.3,117.6,176.1,109.5,107.8,179.0,281.4,254.0,140.1,55.9,198.1,206.3,150.5,152.1
2002-04-01,179.3,234.5,182.9,125.1,121.7,136.2,121.5,176.4,112.7,115.8,179.5,282.7,254.7,140.0,55.6,198.5,207.0,152.5,151.8
2002-05-01,179.5,237.7,183.3,124.6,121.6,136.1,121.9,175.8,113.9,116.5,179.8,283.9,255.3,139.8,55.6,198.9,207.4,152.8,151.8
2002-06-01,179.6,231.3,183.5,123.9,121.4,135.5,121.6,175.9,114.5,116.8,180.0,284.6,256.1,139.6,55.6,199.5,207.8,152.8,152.2
2002-07-01,180.0,227.5,183.8,123.5,121.3,135.4,122.4,176.1,115.8,118.5,180.2,286.4,257.0,139.6,55.5,200.0,208.2,153.3,152.7
2002-08-01,180.5,230.2,184.2,124.3,121.3,135.6,123.1,176.1,116.6,119.7,180.7,287.2,257.4,139.4,55.4,200.3,208.9,154.0,153.4
2002-09-01,180.8,228.7,183.9,123.4,121.1,135.8,123.7,176.5,118.0,120.6,181.1,288.1,257.8,139.9,55.3,200.8,209.4,154.2,152.2
2002-10-01,181.2,225.7,184.7,123.0,120.9,136.0,126.9,176.4,120.6,125.9,181.5,289.8,258.5,140.0,55.2,201.3,209.7,155.5,150.7
2002-11-01,181.5,227.8,185.1,123.1,120.4,136.1,126.7,176.9,122.8,125.1,182.0,291.2,259.6,140.1,55.2,201.9,210.4,155.4,148.8
2002-12-01,181.8,230.0,184.9,122.7,120.0,136.6,127.1,177.1,125.0,124.7,182.3,292.1,260.0,139.8,55.3,202.4,210.8,155.3,148.5
2003-01-01,182.6,228.7,185.8,122.1,119.5,136.4,133.5,177.1,134.7,137.1,182.9,292.7,260.6,138.5,55.0,203.2,211.5,158.0,148.3
2003-02-01,183.6,228.5,185.8,121.8,119.3,136.8,140.8,178.1,148.8,148.6,183.4,293.0,260.3,138.2,54.6,203.5,211.6,160.8,148.4
2003-03-01,183.9,230.7,186.3,120.7,119.3,138.2,143.9,178.4,163.2,147.3,184.2,293.4,261.3,138.7,54.3,204.0,211.5,160.8,148.5
2003-04-01,183.2,229.4,186.3,120.3,119.0,139.8,136.5,178.5,144.2,133.6,184.0,294.0,261.5,138.3,54.4,204.5,211.6,157.7,148.4
2003-05-01,182.9,230.0,186.6,120.0,118.4,140.6,129.4,178.8,137.5,119.0,184.6,295.2,261.7,138.1,54.5,205.0,212.6,154.4,147.9
2003-06-01,183.1,231.3,186.9,120.6,118.0,139.6,129.8,179.7,135.5,119.8,184.6,296.1,261.8,137.8,54.4,205.3,212.6,154.6,147.4
2003-07-01,183.7,232.6,187.2,121.1,117.6,139.6,132.2,179.8,135.6,125.1,184.9,297.4,263.2,137.6,54.4,205.8,213.2,155.7,145.7
2003-08-01,184.5,233.4,187.2,120.8,117.2,140.2,137.8,180.5,135.6,136.7,185.2,298.3,263.9,138.0,54.2,206.2,213.6,158.2,143.3
2003-09-01,185.1,233.2,187.8,120.9,116.2,141.2,142.9,180.9,133.1,146.5,185.5,299.8,264.8,137.6,54.0,206.7,214.0,159.9,139.0
2003-10-01,184.9,234.3,188.2,121.1,115.5,140.8,137.8,181.6,131.6,136.9,185.9,300.4,264.8,137.1,54.0,206.9,214.7,157.5,135.1
2003-11-01,185.0,232.5,188.7,120.8,115.1,140.3,136.9,182.6,134.7,136.2,186.0,301.4,264.3,137.2,54.2,207.4,215.1,156.9,132.0
2003-12-01,185.5,230.4,189.3,120.2,114.9,140.5,138.8,183.5,136.5,139.5,186.4,303.0,265.6,137.2,54.3,207.7,215.5,157.4,131.0
2004-01-01,186.3,232.5,189.6,120.1,114.8,140.5,143.9,183.4,148.7,148.3,186.9,303.8,265.8,136.8,54.0,208.1,215.9,159.8,131.8
2004-02-01,186.7,232.4,189.7,120.1,114.9,141.1,145.8,183.9,147.2,151.0,187.1,305.2,266.6,137.3,53.7,208.6,215.8,160.7,131.8
2004-03-01,187.1,231.7,190.4,120.4,114.8,140.4,145.1,184.2,146.6,151.2,187.7,306.5,267.2,137.3,53.4,209.1,217.0,160.8,131.8
2004-04-01,187.4,230.8,191.5,120.6,114.7,141.0,143.4,184.6,145.5,147.2,188.3,307.8,268.4,137.3,53.2,209.7,217.8,159.8,131.6
2004-05-01,188.2,227.2,191.5,120.9,114.7,141.3,147.6,186.1,151.3,154.6,188.9,308.6,269.0,137.5,52.9,210.3,218.5,161.6,131.8
2004-06-01,188.9,224.9,192.1,121.2,114.5,142.1,151.5,186.4,154.9,160.3,189.5,309.8,269.4,137.7,52.7,210.9,218.9,162.8,129.9
2004-07-01,189.1,223.5,192.2,121.0,114.3,142.7,151.1,186.8,156.4,158.2,189.9,310.8,269.6,136.8,52.8,211.4,219.3,162.3,130.9
2004-08-01,189.2,220.4,192.7,120.3,114.0,143.4,151.5,187.0,161.3,157.6,190.3,311.8,269.9,135.9,52.8,212.0,219.6,162.1,132.0
2004-09-01,189.8,220.7,193.4,120.0,114.6,143.4,152.9,186.9,164.5,161.3,190.8,312.9,270.8,136.0,52.7,212.5,220.4,163.4,135.5
2004-10-01,190.8,223.8,193.7,120.3,115.0,142.1,158.6,187.8,176.5,172.7,191.2,314.0,271.8,136.4,52.4,212.8,220.7,166.7,136.7
2004-11-01,191.7,230.9,194.3,120.6,115.4,143.5,163.8,188.4,186.4,179.2,191.8,314.7,271.4,137.6,52.4,213.1,220.9,169.1,137.7
2004-12-01,191.7,227.9,194.7,119.8,115.5,143.5,162.3,188.4,183.1,176.0,192.1,315.8,271.4,138.1,52.5,213.7,221.3,168.5,138.4
2005-01-01,191.6,224.9,194.6,120.3,115.7,144.9,157.2,188.7,181.2,166.9,192.3,316.9,271.6,138.5,52.4,214.3,221.7,166.5,138.6
2005-02-01,192.4,225.0,195.0,120.0,115.6,145.3,161.8,188.6,188.5,173.4,193.0,318.4,272.8,138.6,52.1,214.9,222.5,168.4,138.4
2005-03-01,193.1,228.6,195.2,120.5,115.4,146.1,163.5,189.1,195.5,177.5,193.9,319.7,273.2,138.3,51.7,215.4,223.7,169.2,138.3
2005-04-01,193.7,233.9,195.5,119.9,115.3,146.7,166.7,190.4,199.5,180.8,194.3,320.7,273.5,138.3,51.4,216.0,223.7,170.3,138.4
2005-05-01,193.6,236.9,195.3,119.9,115.5,148.6,163.3,190.6,193.9,171.9,194.6,321.8,274.6,138.7,51.4,216.5,223.8,168.7,138.8
2005-06-01,193.7,237.9,195.6,119.4,115.4,150.2,163.7,190.5,195.0,173.0,194.6,322.8,275.6,138.6,51.4,217.0,224.0,169.1,139.3
2005-07-01,194.9,239.7,195.8,119.0,115.0,150.7,172.8,190.9,202.9,190.6,195.4,324.1,276.3,137.3,51.2,217.7,224.6,172.8,139.9
2005-08-01,196.1,240.0,196.1,119.5,114.7,152.0,183.5,191.1,209.8,211.3,195.9,324.2,276.8,136.5,50.9,218.1,224.9,177.3,140.1
2005-09-01,198.8,240.9,196.7,119.1,115.1,152.9,208.2,191.5,235.9,251.0,196.8,325.3,277.7,137.1,50.3,218.7,224.6,187.7,140.3
2005-10-01,199.1,243.9,196.9,119.0,115.1,154.2,205.9,192.0,241.1,239.1,198.7,326.9,278.9,137.7,50.2,219.3,225.8,184.5,140.2
2005-11-01,198.1,244.5,197.5,119.2,115.0,159.7,191.0,192.6,231.5,202.0,199.5,328.7,280.3,137.7,50.6,219.9,226.5,176.8,140.3
2005-12-01,198.1,242.0,197.1,118.6,115.0,158.6,187.6,192.9,227.8,200.4,199.6,329.2,280.8,137.5,50.8,220.3,227.1,176.0,140.2
2006-01-01,199.3,244.6,198.3,118.9,115.0,166.3,196.6,193.6,229.5,213.2,200.5,329.6,282.0,138.0,50.4,220.8,227.5,179.0,140.3
2006-02-01,199.4,244.4,199.2,117.8,114.9,167.3,194.1,193.7,230.5,210.2,200.8,331.2,283.1,138.1,50.3,221.5,228.3,178.5,140.4
2006-03-01,199.7,244.7,199.5,119.1,114.8,167.8,192.0,194.0,230.4,208.3,201.2,332.6,284.3,137.9,50.0,222.2,229.3,178.1,140.8
2006-04-01,200.7,245.7,199.7,119.6,114.9,167.9,198.5,193.8,236.4,224.0,201.6,333.8,285.3,137.9,49.6,222.9,230.1,181.8,141.0
2006-05-01,201.3,250.1,200.6,119.9,114.8,167.6,199.8,194.1,239.8,227.5,202.3,335.0,286.3,137.7,49.4,223.7,231.0,182.7,141.1
2006-06-01,201.8,251.5,201.3,120.1,114.6,169.9,199.8,194.7,239.1,228.1,202.8,336.0,286.3,137.7,49.3,224.6,231.9,183.0,141.0
2006-07-01,202.9,252.9,201.3,119.0,114.7,170.3,207.9,195.2,241.9,245.3,203.4,336.9,287.1,137.8,49.1,225.4,232.7,186.9,140.7
2006-08-01,203.8,253.2,201.4,119.8,114.5,170.5,211.9,195.7,245.3,252.7,204.1,338.1,287.6,137.6,49.0,226.3,233.5,188.4,140.4
2006-09-01,202.8,252.0,201.5,120.2,114.3,171.1,198.1,196.3,237.1,221.3,204.7,339.1,288.1,137.6,49.3,227.2,234.0,181.5,139.9
2006-10-01,201.9,248.1,202.0,119.8,114.0,170.6,184.1,196.9,227.9,197.0,204.8,340.0,288.1,137.4,49.5,228.0,235.0,175.9,139.0
2006-11-01,202.0,239.1,202.0,119.4,113.6,170.0,184.1,197.0,227.2,195.0,205.5,340.8,286.6,136.6,49.6,228.8,235.8,174.9,138.3
2006-12-01,203.1,239.4,201.7,119.8,113.4,170.4,192.7,197.1,233.2,211.3,206.2,341.2,285.9,136.4,49.6,229.8,236.5,178.3,137.2
2007-01-01,203.437,245.422,203.225,119.86,113.079,172.885,190.281,198.378,227.93,205.361,206.788,343.579,288.088,136.437,49.4,230.547,237.255,177.09,136.169
2007-02-01,204.226,248.365,203.948,120.237,112.972,173.218,192.31,199.736,231.8,208.351,207.536,345.35,287.703,136.201,49.1,231.546,238.107,177.727,135.533
2007-03-01,205.288,249.249,205.073,119.797,112.936,173.827,200.206,200.432,236.863,222.804,208.119,345.899,286.94,136.481,48.7,232.349,238.538,181.041,135.201
2007-04-01,205.904,248.959,205.846,119.331,112.805,174.075,203.307,200.952,240.09,229.338,208.518,347.32,288.349,136.578,48.4,232.96,239.14,182.489,134.995
2007-05-01,206.755,248.001,206.389,119.166,112.534,174.317,208.635,201.735,241.473,240.407,208.883,348.491,288.661,136.323,48.1,233.656,239.637,184.669,134.653
2007-06-01,207.234,248.319,207.17,118.576,112.365,176.073,209.799,202.557,241.589,241.015,209.561,349.513,288.508,136.171,48.0,234.283,240.345,184.902,134.57
2007-07-01,207.603,249.275,207.673,118.449,112.092,175.816,209.639,203.232,245.68,242.158,209.743,351.719,290.257,136.236,48.0,234.996,240.843,185.396,134.748
2007-08-01,207.667,249.24,208.477,117.901,112.117,176.017,206.412,204.008,246.542,236.401,210.004,353.376,291.164,136.438,48.1,235.524,241.45,184.328,135.255
2007-09-01,208.547,251.882,208.555,118.023,112.116,176.98,210.742,205.003,252.58,244.482,210.5,354.531,291.34,136.051,48.0,236.239,242.037,186.324,136.022
2007-10-01,209.19,257.047,209.109,118.435,112.086,178.648,212.386,205.651,261.745,246.233,211.057,356.343,292.161,135.831,47.9,237.18,242.581,186.922,136.707
2007-11-01,210.834,261.014,209.377,118.737,112.246,178.845,223.814,206.493,291.845,268.067,211.864,357.75,293.201,136.154,47.6,238.063,243.305,192.289,137.559
2007-12-01,211.445,264.299,209.356,119.35,112.244,179.029,225.649,206.874,299.296,271.805,212.418,358.908,293.61,136.098,47.6,238.873,243.979,193.205,137.855
2008-01-01,212.174,266.547,210.587,119.438,112.229,178.944,226.775,208.126,306.937,273.485,212.873,360.463,295.472,135.926,47.4,239.517,244.564,194.135,138.938
2008-02-01,212.687,266.22,211.576,118.904,111.975,179.047,229.731,208.901,308.269,277.12,213.377,360.75,295.396,135.405,47.2,240.08,244.926,194.934,138.818
2008-03-01,213.448,274.246,211.861,118.399,111.885,180.178,233.349,209.324,332.139,279.234,214.422,361.533,296.363,134.953,46.8,240.68,245.659,195.872,138.541
2008-04-01,213.942,274.173,213.227,118.729,111.553,182.577,234.778,211.127,342.811,276.563,214.997,362.072,295.983,134.726,46.5,241.437,245.608,195.179,137.659
2008-05-01,215.208,283.328,213.329,118.716,111.275,184.512,243.924,212.019,363.872,289.883,215.866,362.658,294.247,134.646,46.2,241.927,245.902,198.535,136.393
2008-06-01,217.463,294.645,213.725,118.501,111.098,186.139,262.081,213.333,389.423,321.643,216.864,363.671,295.223,134.66,45.7,242.882,246.406,206.313,135.02
2008-07-01,219.016,300.857,214.36,119.006,111.007,189.917,271.149,215.434,395.706,334.055,218.014,364.156,295.091,134.821,45.5,243.675,246.863,209.349,133.709
2008-08-01,218.69,302.057,215.266,119.736,110.72,192.476,262.566,216.528,367.794,319.114,218.053,364.977,295.323,134.162,45.6,244.475,247.208,205.848,132.535
2008-09-01,218.877,295.708,216.21,119.618,110.342,191.3,260.125,217.768,349.164,321.466,217.836,365.841,295.811,133.496,45.7,245.175,247.723,205.856,131.176
2008-10-01,216.995,284.76,216.884,118.799,109.877,192.676,238.065,218.667,318.667,278.393,217.705,366.53,296.428,132.925,46.2,245.914,247.995,195.608,129.407
2008-11-01,213.153,272.217,217.886,118.867,109.41,193.117,195.155,219.07,281.869,191.822,217.585,367.459,297.997,132.497,47.1,246.556,248.486,175.507,128.048
2008-12-01,211.398,266.716,218.851,118.119,109.069,193.965,176.583,219.073,256.209,154.377,217.469,368.748,299.5,132.069,47.6,246.992,248.508,166.673,127.323
2009-01-01,211.933,263.284,219.167,117.967,109.025,194.538,178.661,219.234,247.163,160.815,217.631,369.824,300.05,132.669,47.4,247.563,248.963,168.403,126.668
2009-02-01,212.705,256.319,219.167,119.888,109.221,195.16,183.721,218.949,242.264,174.067,217.563,370.853,301.237,133.415,47.1,247.994,249.087,171.424,124.405
2009-03-01,212.495,252.471,219.602,120.368,109.264,194.917,178.415,218.51,230.837,166.814,217.458,371.705,301.662,133.866,47.0,248.396,249.36,169.449,122.21
2009-04-01,212.709,248.828,219.612,120.182,109.404,193.972,177.552,218.175,228.107,168.312,217.304,373.077,302.858,134.367,46.9,248.837,249.579,170.09,121.887
2009-05-01,213.022,246.273,219.866,120.038,109.65,192.86,179.83,217.813,225.164,177.057,216.99,374.359,304.028,134.987,46.8,249.204,249.643,172.235,122.533
2009-06-01,214.79,244.658,220.409,120.276,109.983,192.218,197.033,217.813,232.638,213.086,216.955,375.177,304.841,135.729,46.4,249.381,249.492,180.667,123.236
2009-07-01,214.726,252.107,220.805,119.984,109.924,190.553,195.778,217.387,230.192,211.649,216.581,376.001,304.686,136.298,46.4,249.343,249.149,180.915,122.844
2009-08-01,215.445,254.411,221.121,120.236,109.129,190.533,201.583,217.376,237.521,223.781,216.729,377.091,306.18,134.771,46.3,249.359,249.519,183.729,125.011
2009-09-01,215.861,260.944,221.606,120.779,109.387,190.915,202.777,217.258,236.616,226.214,216.68,378.359,308.017,135.524,46.3,249.261,249.415,185.329,127.631
2009-10-01,216.509,267.042,222.133,120.5,110.684,191.728,204.719,217.452,243.936,228.651,216.942,379.291,308.99,137.891,46.3,248.959,249.643,187.793,132.475
2009-11-01,217.234,273.984,222.872,120.007,111.159,192.834,210.932,217.581,260.25,238.246,216.962,380.45,309.306,139.067,46.2,248.778,249.211,191.243,135.73
2009-12-01,217.347,277.35,222.683,120.441,111.477,192.778,209.915,217.904,262.649,237.235,216.899,381.111,309.479,138.928,46.3,248.667,249.219,191.517,139.376
2010-01-01,217.488,273.454,222.275,119.91,111.934,191.083,212.807,218.489,280.85,242.036,216.206,382.742,310.591,138.321,46.1,248.721,248.034,193.116,142.829
2010-02-01,217.281,270.971,222.04,120.184,111.811,190.035,209.624,218.552,277.284,235.748,216.042,384.308,311.761,138.117,46.1,248.717,247.997,191.978,143.173
2010-03-01,217.353,271.311,222.258,120.225,111.683,193.547,209.326,218.99,276.027,233.103,216.146,385.712,312.658,137.879,45.9,248.854,247.914,191.375,142.377
2010-04-01,217.403,273.533,222.351,119.646,111.397,194.839,209.219,219.209,278.08,232.594,216.092,386.589,313.219,137.639,45.9,248.962,247.959,191.249,141.68
2010-05-01,217.29,275.82,222.444,119.648,111.206,193.61,206.631,219.331,272.606,227.765,216.128,387.094,314.192,137.482,45.8,249.066,248.128,190.231,140.952
2010-06-01,217.199,277.651,222.727,119.623,110.989,192.905,203.764,219.285,265.521,222.745,216.06,388.188,314.995,137.409,45.9,249.327,248.295,189.426,141.951
2010-07-01,217.605,279.192,223.621,119.322,111.085,193.589,206.877,219.234,261.257,229.026,216.214,388.123,314.622,137.484,45.9,249.458,248.43,191.082,142.512
2010-08-01,217.923,279.262,223.722,118.96,111.239,194.073,208.77,219.48,263.196,232.674,216.254,389.059,315.394,137.782,45.8,249.346,248.43,192.287,143.42
2010-09-01,218.275,278.873,224.169,119.21,111.283,193.348,209.832,220.219,265.812,235.661,216.234,391.288,316.177,138.264,45.8,249.663,248.568,193.316,144.032
2010-10-01,219.035,279.58,224.628,118.917,111.201,192.971,216.71,220.521,276.551,249.885,216.359,391.926,316.646,138.442,45.7,249.66,248.692,196.845,144.313
2010-11-01,219.59,286.247,224.751,119.027,111.005,193.354,219.496,220.946,286.367,256.596,216.484,392.535,317.612,138.469,45.7,250.182,248.993,198.783,144.751
2010-12-01,220.472,293.446,224.612,119.223,111.034,194.078,227.13,221.215,298.037,271.509,216.823,393.514,318.516,138.678,45.6,250.641,249.284,202.454,145.669
2011-01-01,221.187,301.088,224.789,119.82,111.106,193.374,229.258,222.469,308.306,275.816,217.061,394.072,319.314,138.938,45.4,251.142,249.621,204.232,146.478
2011-02-01,221.898,304.572,225.31,119.904,111.401,193.756,232.068,223.504,315.129,280.015,217.443,395.518,320.215,139.725,45.2,251.516,249.924,205.704,146.182
2011-03-01,223.046,306.515,225.498,119.739,111.753,195.272,240.079,225.213,328.847,294.915,217.794,396.29,321.4,140.42,44.7,251.905,250.158,209.591,145.646
2011-04-01,224.093,302.541,226.114,120.037,112.122,195.768,247.977,226.072,340.035,310.115,218.186,397.701,322.984,140.878,44.5,252.203,250.412,213.032,145.542
2011-05-01,224.806,292.694,226.937,121.146,112.552,196.595,250.744,226.94,345.325,314.859,218.521,398.721,323.766,142.014,44.3,252.584,250.66,214.499,146.476
2011-06-01,224.806,294.743,227.265,121.71,112.922,195.901,245.534,227.515,345.235,304.321,218.808,399.416,324.134,142.706,44.3,252.986,251.178,212.957,148.518
2011-07-01,225.395,304.773,226.835,122.547,113.204,197.761,246.187,228.482,346.556,304.901,219.386,400.539,324.442,142.856,44.3,253.423,251.834,213.661,149.971
2011-08-01,226.106,316.044,227.31,123.551,113.306,197.959,246.88,229.634,345.613,306.276,219.802,401.387,324.642,142.848,44.1,254.295,252.329,214.651,151.312
2011-09-01,226.597,314.655,227.425,123.244,113.22,198.932,248.55,230.682,344.318,309.168,220.152,402.202,325.278,142.94,44.1,254.895,252.668,215.455,151.677
2011-10-01,226.75,306.827,227.619,123.775,113.091,198.892,246.655,230.899,343.218,305.963,220.447,404.068,326.375,143.095,44.2,255.651,253.184,214.682,151.986
2011-11-01,227.169,297.966,227.558,124.762,113.027,198.6,247.64,231.118,346.209,308.587,220.685,405.751,327.387,143.035,44.2,256.207,253.619,215.149,152.187
2011-12-01,227.223,307.069,227.666,124.865,112.984,198.213,243.353,231.557,341.472,300.662,220.966,407.23,328.841,143.163,44.3,256.8,254.15,213.784,152.083
2012-01-01,227.842,308.335,229.638,125.399,112.944,197.833,244.876,232.213,338.522,306.17,221.096,408.394,329.815,143.466,44.1,257.267,254.512,215.385,151.106
2012-02-01,228.329,306.081,230.285,125.075,112.996,197.289,248.898,232.14,339.818,316.625,221.299,408.89,330.771,143.838,43.9,257.842,254.951,217.686,149.893
2012-03-01,228.807,308.237,229.918,125.85,112.952,196.514,249.742,232.591,339.337,319.198,221.579,410.257,332.04,143.901,43.6,258.335,255.474,218.457,149.265
2012-04-01,229.187,304.81,230.033,126.432,113.04,196.761,249.677,233.044,344.224,319.414,221.992,411.475,331.999,143.898,43.5,258.977,256.056,218.615,150.053
2012-05-01,228.713,294.883,230.494,126.663,113.091,196.748,241.806,233.219,341.34,303.692,222.069,412.864,332.691,143.942,43.5,259.481,256.451,215.029,151.587
2012-06-01,228.524,287.712,231.472,126.248,113.041,196.602,235.897,233.683,323.907,291.49,222.319,415.289,333.443,144.073,43.6,259.893,256.813,212.225,152.263
2012-07-01,228.59,302.202,231.108,125.935,113.131,195.257,233.568,233.845,320.495,287.505,222.508,417.004,335.101,144.13,43.6,260.476,257.153,211.791,151.97
2012-08-01,229.918,312.195,230.806,125.333,112.806,195.876,244.987,234.244,330.489,310.365,223.031,417.555,335.928,144.311,43.4,260.999,257.647,217.573,150.871
2012-09-01,231.015,312.078,231.262,126.386,112.421,196.087,252.987,234.404,336.39,326.789,223.463,418.453,335.625,144.359,43.2,261.62,258.233,221.574,149.647
2012-10-01,231.638,308.022,231.206,127.291,112.327,196.589,256.017,234.843,339.808,332.699,223.949,419.07,336.046,144.547,43.2,262.631,258.816,222.913,148.986
2012-11-01,231.249,301.966,231.549,127.191,112.399,197.273,248.819,235.253,339.536,315.264,224.504,419.509,335.042,145.024,43.4,263.137,259.216,218.833,148.932
2012-12-01,231.221,316.876,231.927,127.289,112.389,197.322,244.708,235.677,335.029,306.338,224.757,420.321,334.536,145.318,43.6,263.669,259.644,217.524,149.243
2013-01-01,231.679,320.958,232.337,128.076,112.497,198.349,245.025,236.011,332.369,306.734,225.106,421.114,334.758,145.533,43.4,264.245,260.142,218.092,149.741
2013-02-01,232.937,316.62,233.3,128.134,112.379,198.641,255.696,235.992,333.382,329.253,225.58,421.601,333.152,145.121,43.1,264.904,260.719,223.274,149.789
2013-03-01,232.282,322.645,233.621,126.97,112.209,198.289,246.595,236.213,326.197,310.442,225.769,423.089,334.216,145.26,43.0,265.603,261.176,218.985,148.912
2013-04-01,231.797,310.843,234.09,126.905,112.014,198.831,240.473,236.655,322.008,295.206,226.299,423.025,334.512,145.378,43.0,266.094,261.679,214.905,148.577
2013-05-01,231.893,298.615,234.098,126.916,111.879,200.164,240.468,236.454,319.91,293.131,226.949,422.316,333.238,145.379,42.9,266.841,262.263,214.01,148.501
2013-06-01,232.445,296.647,234.619,126.995,111.782,200.462,242.711,236.98,324.282,298.112,227.324,424.286,334.098,145.854,42.8,267.451,262.797,215.38,148.742
2013-07-01,232.9,311.074,235.08,127.645,111.688,201.333,242.986,237.184,329.138,298.754,227.579,425.008,334.553,146.024,42.8,267.87,263.239,216.562,149.058
2013-08-01,233.456,317.28,235.457,127.412,111.621,201.22,244.833,237.451,336.346,303.409,227.911,427.168,335.525,146.066,42.8,268.837,263.86,217.901,149.539
2013-09-01,233.544,316.426,235.355,127.281,111.712,202.581,242.745,237.519,338.721,297.39,228.354,428.29,336.195,146.381,42.7,269.315,264.321,216.898,150.458
2013-10-01,233.669,315.445,235.546,126.988,111.722,202.603,241.954,237.75,336.807,295.64,228.584,428.586,337.573,146.233,42.8,269.822,264.684,216.682,151.248
2013-11-01,234.1,315.808,235.828,127.333,111.677,203.072,242.718,237.947,339.241,297.183,229.119,428.485,337.635,146.171,42.9,270.387,265.496,217.17,151.993
2013-12-01,234.719,314.891,236.113,128.577,111.625,203.729,245.733,238.182,344.229,303.304,229.623,428.622,335.662,146.042,42.9,271.22,266.228,218.715,152.457
2014-01-01,235.288,304.438,236.031,127.882,111.301,206.278,250.34,238.492,362.119,308.4,230.52,429.989,337.509,145.624,42.8,271.918,266.892,219.287,151.535
2014-02-01,235.547,302.328,235.68,127.279,111.053,205.716,249.925,239.408,381.604,305.007,231.084,431.137,338.846,145.625,42.6,272.461,267.481,218.525,150.718
2014-03-01,236.028,305.804,236.049,127.439,110.775,208.713,249.961,240.447,352.431,300.141,232.119,432.211,338.579,145.646,42.3,273.341,268.287,217.491,149.641
2014-04-01,236.468,307.536,236.273,127.475,110.607,202.92,249.864,241.241,340.56,305.367,232.014,433.26,340.115,145.986,42.2,274.255,268.923,218.989,149.217
2014-05-01,236.918,314.119,236.629,127.773,110.398,207.422,249.213,242.408,339.154,301.296,232.785,434.262,341.48,146.14,42.0,275.013,269.715,218.306,149.006
2014-06-01,237.231,314.699,236.853,127.982,110.199,208.955,249.714,242.646,338.331,302.293,233.117,435.187,343.429,146.099,42.0,275.819,270.149,218.653,148.921
2014-07-01,237.498,311.679,236.701,127.942,110.218,209.72,248.744,243.235,338.806,299.785,233.695,435.864,344.584,146.255,42.0,276.663,270.891,218.126,149.216
2014-08-01,237.46,309.923,238.198,127.357,110.202,209.764,245.699,243.792,340.2,294.803,233.928,436.041,344.142,146.464,42.0,277.319,271.493,217.071,149.472
2014-09-01,237.477,306.111,238.232,127.813,110.135,208.835,241.61,244.48,333.25,287.003,234.234,437.091,345.9,146.717,42.0,278.149,272.118,215.41,149.859
2014-10-01,237.43,307.357,238.126,127.761,110.252,209.188,237.061,244.866,323.344,278.463,234.656,437.758,346.426,146.928,42.1,278.797,272.73,213.73,148.954
2014-11-01,236.983,305.983,239.776,127.254,109.796,208.605,229.016,245.394,317.626,262.282,235.0,439.408,348.385,146.959,42.3,279.758,273.436,210.033,147.488
2014-12-01,236.252,301.037,239.018,126.637,109.446,210.158,218.536,246.237,295.589,238.491,235.425,441.464,351.841,146.886,42.6,280.383,273.997,204.124,145.83
2015-01-01,234.747,295.273,238.463,126.129,108.977,210.956,199.926,246.197,271.328,199.553,235.735,441.351,350.879,146.104,42.8,281.223,274.762,194.852,144.875
2015-02-01,235.342,293.524,238.671,125.96,109.185,211.775,203.021,246.495,269.641,206.901,236.2,441.101,352.412,146.316,42.6,282.171,275.47,197.087,147.264
2015-03-01,235.976,290.945,239.007,126.626,109.316,210.178,205.757,246.072,277.899,214.684,236.602,442.943,353.232,146.672,42.4,283.056,276.258,199.119,147.694
2015-04-01,236.222,285.424,238.938,126.39,109.477,210.345,203.577,246.002,266.924,211.577,237.086,445.822,353.849,147.024,42.3,283.786,277.003,198.636,148.404
2015-05-01,237.001,293.265,239.665,125.831,109.465,208.447,208.973,246.239,265.835,225.281,237.21,446.743,355.061,147.327,42.1,284.559,277.524,202.277,149.29
2015-06-01,237.657,298.839,239.297,125.51,109.425,209.41,212.015,246.937,264.841,230.871,237.804,446.33,354.805,147.489,41.9,285.477,278.284,203.86,149.48
2015-07-01,238.034,294.099,239.546,125.689,109.242,208.761,211.623,247.157,256.667,231.775,238.334,446.953,355.071,147.462,41.9,286.435,279.329,204.166,149.078
2015-08-01,238.033,291.307,239.789,126.166,109.057,208.619,208.579,247.742,247.622,225.725,238.7,446.612,354.906,147.41,42.0,287.32,279.921,202.609,148.295
2015-09-01,237.498,287.452,239.645,126.011,109.148,208.449,197.246,248.492,241.051,201.935,239.236,447.648,355.558,147.611,42.0,288.385,280.737,197.162,147.554
2015-10-01,237.733,291.034,240.502,125.323,108.995,208.015,195.616,248.755,240.798,199.315,239.593,450.681,355.954,147.481,42.0,289.236,281.429,196.445,146.397
2015-11-01,238.017,293.715,240.531,125.724,108.765,207.902,195.114,248.525,241.288,198.984,240.001,452.225,357.033,147.466,42.1,289.953,282.129,196.644,144.85
2015-12-01,237.761,291.963,240.275,126.042,108.539,207.269,190.143,248.206,226.805,190.765,240.224,452.732,356.956,147.272,42.3,290.723,282.779,194.728,143.955
2016-01-01,237.652,289.611,241.313,124.999,108.232,206.088,185.235,248.353,215.393,181.445,240.673,454.194,357.414,146.706,42.2,291.7,283.714,192.648,144.638
2016-02-01,237.336,286.419,241.92,125.898,108.26,205.294,176.401,248.606,211.663,162.727,241.124,456.922,361.435,147.374,42.2,292.617,284.502,188.784,143.979
2016-03-01,238.08,286.501,241.843,125.843,108.137,205.707,182.234,248.029,212.927,175.164,241.587,457.723,362.386,147.443,42.0,293.471,285.122,191.583,143.659
2016-04-01,238.992,291.228,242.064,125.782,107.939,205.655,186.713,248.235,215.225,184.762,242.071,459.245,363.843,147.213,41.8,294.397,285.853,194.491,145.475
2016-05-01,239.557,288.805,242.41,126.707,107.693,206.053,188.596,247.856,222.945,187.627,242.833,460.487,361.866,147.175,41.6,295.371,286.855,195.474,146.416
2016-06-01,240.222,290.014,242.509,126.276,107.29,206.255,192.899,247.683,230.486,196.44,243.515,462.09,364.501,147.046,41.5,296.306,287.819,197.236,144.887
2016-07-01,240.101,280.88,242.651,125.881,107.099,207.015,189.046,247.658,230.473,185.486,244.224,464.439,366.784,147.303,41.6,297.192,288.524,194.654,143.27
2016-08-01,240.545,278.139,242.522,126.148,106.915,207.546,188.772,247.746,229.326,183.715,244.911,469.02,372.106,147.335,41.5,298.029,289.367,194.205,142.803
2016-09-01,241.176,275.578,242.903,125.914,106.752,209.026,192.243,247.772,230.585,189.766,245.755,469.816,374.142,147.482,41.4,299.035,290.369,195.762,144.851
2016-10-01,241.741,270.9,243.347,126.521,106.578,208.519,195.979,247.812,237.05,197.788,246.48,469.749,373.792,147.784,41.4,300.215,291.378,197.151,142.217
2016-11-01,242.026,272.902,243.277,126.605,106.337,208.136,196.372,247.741,236.704,199.22,246.985,469.914,371.54,147.737,41.4,301.223,292.227,197.331,139.975
2016-12-01,242.637,277.919,243.586,126.185,106.207,208.253,199.513,247.725,243.498,206.244,247.543,470.539,371.561,147.686,41.4,302.271,293.066,199.146,139.457
2017-01-01,243.618,280.879,244.382,126.044,106.536,208.295,205.369,248.065,250.636,217.892,248.164,471.484,374.15,148.166,41.2,303.156,293.769,202.082,138.761
2017-02-01,244.006,282.923,244.189,126.058,106.45,209.049,204.133,248.735,252.102,213.626,248.807,473.139,376.078,148.284,41.1,304.06,294.543,201.566,138.713
2017-03-01,243.892,284.341,244.659,126.397,106.073,208.767,202.528,249.244,249.799,210.69,249.098,473.685,376.44,148.053,41.0,304.888,295.012,201.165,139.232
2017-04-01,244.193,285.005,245.249,126.301,105.91,210.37,202.954,249.589,251.602,209.074,249.8,473.007,373.231,148.147,40.9,305.692,295.741,200.904,138.596
2017-05-01,244.004,279.718,244.818,125.651,105.692,211.342,198.449,249.972,247.118,197.848,250.408,472.981,373.631,147.786,40.9,306.72,296.461,198.623,138.601
2017-06-01,244.163,277.107,244.774,125.508,105.275,212.198,197.808,249.77,243.269,195.797,250.933,474.492,376.182,147.097,40.8,307.681,297.215,198.062,137.691
2017-07-01,244.243,274.97,245.233,125.368,104.749,212.955,195.994,250.185,240.827,191.889,251.21,476.279,380.302,146.198,40.9,308.49,297.676,196.903,136.872
2017-08-01,245.183,270.846,245.337,125.39,104.561,212.935,201.45,250.469,250.736,203.585,252.086,477.199,381.114,146.097,40.7,309.608,298.904,199.59,136.875
2017-09-01,246.435,268.659,246.001,125.759,104.557,213.083,212.723,250.826,260.479,228.252,252.603,477.19,377.869,145.747,40.5,310.346,299.711,204.503,135.033
2017-10-01,246.626,268.229,246.335,125.961,104.278,212.221,208.328,251.048,261.249,218.99,253.292,477.671,377.038,145.474,40.5,311.33,300.814,203.282,137.803
2017-11-01,247.284,266.421,246.972,125.024,104.423,212.79,213.047,251.195,270.037,228.908,253.798,477.791,378.328,145.901,40.5,312.295,301.43,205.698,138.261
2017-12-01,247.805,267.054,247.086,124.234,104.798,213.172,213.574,251.716,275.414,228.888,254.575,478.891,380.087,146.79,40.6,313.462,302.428,206.332,138.123
2018-01-01,248.743,266.031,247.228,124.873,104.83,213.111,216.872,252.253,290.072,235.641,255.098,480.81,380.846,146.344,40.3,314.5,303.205,208.477,138.416
2018-02-01,249.439,267.193,247.728,126.026,104.8,213.347,220.381,252.248,287.405,240.4,255.798,481.556,381.975,146.152,40.2,315.142,303.769,210.061,137.953
2018-03-01,249.581,268.319,247.96,126.731,104.817,213.018,216.925,252.412,285.771,234.179,256.469,483.055,381.804,146.31,40.1,315.904,304.799,208.673,137.431
2018-04-01,250.146,266.963,248.561,127.526,104.483,212.537,218.268,253.016,290.311,237.076,257.174,483.512,380.479,145.851,39.9,316.955,305.689,209.112,137.273
2018-05-01,250.779,264.419,248.16,127.645,104.043,213.256,220.632,253.018,291.108,241.533,257.876,484.46,383.734,146.164,39.7,317.803,306.798,210.407,137.842
2018-06-01,251.118,263.455,249.026,126.395,103.95,212.703,221.473,253.278,293.761,243.88,258.034,486.165,385.121,146.394,39.7,318.634,307.204,211.166,137.618
2018-07-01,251.323,264.041,249.002,125.603,104.243,211.908,219.758,253.673,294.897,241.052,258.615,485.236,381.954,146.475,39.7,319.661,308.049,210.93,138.331
2018-08-01,251.749,265.35,248.702,123.484,104.293,212.624,222.435,254.034,301.462,245.227,259.405,484.268,382.171,146.491,39.7,320.777,308.979,212.187,139.086
2018-09-01,252.239,265.828,250.034,125.057,103.906,211.236,223.444,254.283,302.066,249.15,259.628,485.461,380.535,146.404,39.6,321.618,309.551,212.906,137.544
2018-10-01,252.862,263.636,250.46,125.764,104.172,213.281,226.462,254.081,305.749,253.947,260.436,485.772,379.662,146.147,39.5,322.483,310.426,214.28,138.797
2018-11-01,252.657,260.583,251.299,124.934,104.602,213.423,219.267,254.75,296.171,239.9,261.085,487.587,380.658,146.258,39.7,323.62,311.279,211.431,140.295
2018-12-01,252.551,258.555,251.425,124.134,104.841,214.966,212.633,255.673,278.666,223.423,262.113,488.555,378.19,146.386,39.8,324.401,312.194,207.827,140.068
2019-01-01,252.47,257.971,251.601,124.547,105.228,213.573,205.54,256.381,271.553,210.752,262.525,489.949,379.777,146.428,39.7,325.322,313.004,205.232,140.706
2019-02-01,253.135,261.852,252.165,124.592,105.26,212.962,208.699,257.233,279.891,218.146,263.131,490.006,377.949,146.586,39.6,326.231,314.017,206.619,139.499
2019-03-01,254.273,262.738,251.787,123.959,105.172,213.439,216.376,257.752,283.655,233.365,263.955,491.324,379.568,147.381,39.3,327.527,315.069,209.889,138.051
2019-04-01,255.163,264.583,251.493,124.035,104.831,213.336,221.758,257.479,286.964,244.583,264.605,492.855,381.256,147.628,39.1,328.835,316.199,212.579,138.355
2019-05-01,255.325,269.956,252.176,123.977,104.33,213.046,219.68,258.008,288.615,241.074,265.111,494.658,381.066,147.477,39.0,329.61,317.051,211.749,138.227
2019-06-01,255.361,269.299,252.649,124.879,104.439,212.892,214.666,258.043,279.791,231.403,265.823,495.692,379.462,147.249,39.0,330.937,317.953,209.911,139.334
2019-07-01,255.9,266.42,253.635,124.852,104.684,213.602,215.85,258.144,279.934,233.809,266.44,497.582,380.278,146.984,39.0,331.911,318.734,210.465,140.365
2019-08-01,256.179,267.665,253.591,124.554,104.904,213.21,213.169,258.329,280.076,228.391,266.809,500.784,382.519,146.796,39.0,332.782,319.332,209.956,141.969
2019-09-01,256.596,269.935,253.301,124.644,104.838,213.244,213.122,258.88,279.023,228.787,267.555,502.304,379.53,146.535,38.9,333.928,320.419,209.896,141.12
2019-10-01,257.305,265.475,252.968,123.188,104.722,213.701,216.62,259.371,278.336,234.773,267.95,506.64,383.498,146.271,38.9,334.554,320.861,211.116,140.779
2019-11-01,257.788,262.867,252.468,123.223,104.57,213.736,217.435,259.902,277.585,236.587,268.488,508.357,383.025,146.139,38.9,335.478,321.629,211.05,139.674
2019-12-01,258.263,260.302,252.668,122.525,104.322,213.531,219.786,260.274,284.65,240.708,268.938,510.862,387.533,146.457,38.9,336.396,322.306,211.815,139.097
2020-01-01,258.682,263.159,253.526,122.555,104.327,214.475,217.803,261.097,279.518,236.591,269.752,511.901,386.331,146.611,38.8,337.57,323.435,210.817,137.922
2020-02-01,259.007,269.733,254.415,123.111,104.679,213.922,214.119,261.912,266.131,229.98,270.354,512.728,384.701,147.198,38.7,338.498,324.419,210.123,137.758
2020-03-01,258.165,237.448,255.373,121.989,104.525,213.79,203.912,262.734,242.208,209.903,270.345,514.554,384.498,146.772,38.7,339.51,324.535,204.779,138.206
2020-04-01,256.094,202.405,256.143,117.174,104.055,213.453,182.889,266.505,220.416,166.244,270.303,516.578,383.911,146.875,39.0,340.264,324.453,192.547,137.273
2020-05-01,255.944,194.805,257.813,114.389,103.814,212.846,179.542,268.326,214.072,159.902,270.825,518.957,384.304,147.093,39.0,341.067,325.164,189.142,137.773
2020-06-01,257.217,197.196,258.093,115.9,103.428,213.764,188.437,269.656,224.222,177.853,271.256,520.87,384.259,146.954,38.8,341.558,325.495,193.31,135.521
2020-07-01,258.543,201.639,257.464,116.823,104.509,213.894,192.556,268.657,229.652,186.758,271.835,522.467,384.377,147.69,38.6,342.262,326.193,198.331,139.088
2020-08-01,259.58,204.264,257.932,117.124,106.49,213.632,194.285,268.958,236.643,190.327,272.479,522.99,385.409,147.696,38.5,342.63,326.674,201.406,147.599
2020-09-01,260.19,202.819,257.716,117.111,107.975,215.108,196.875,269.124,230.913,193.476,272.897,523.521,383.031,148.016,38.4,343.002,326.988,203.467,155.629
2020-10-01,260.352,211.726,258.747,116.595,108.303,215.919,196.435,269.557,227.754,192.15,273.127,521.27,380.371,148.452,38.4,343.495,327.389,203.751,156.986
2020-11-01,260.721,215.839,260.017,116.885,108.279,216.575,196.359,269.563,230.616,190.381,273.78,520.704,378.81,148.445,38.4,343.708,327.774,203.782,154.739
2020-12-01,261.564,209.932,259.7,117.413,108.297,217.776,203.649,270.469,246.215,203.777,274.336,519.978,377.921,149.293,38.4,344.078,328.229,206.222,153.041
2021-01-01,262.2,206.096,259.722,119.099,107.979,217.695,209.328,271.035,258.14,215.529,274.582,521.888,377.546,148.747,38.2,344.507,328.593,207.839,151.708
2021-02-01,263.346,201.841,259.604,118.535,108.205,218.677,218.944,271.429,280.887,233.202,275.181,523.03,374.905,148.955,38.0,345.121,329.121,211.476,150.649
2021-03-01,265.028,203.607,260.369,118.968,108.436,219.222,231.127,271.861,285.922,257.289,276.125,523.686,375.111,149.01,37.8,345.684,330.033,217.108,151.174
2021-04-01,266.727,223.988,260.983,119.647,111.745,220.851,228.374,272.827,283.29,248.826,277.364,524.142,377.284,149.827,37.4,346.379,331.272,221.151,166.035
2021-05-01,268.599,243.801,261.827,120.918,114.53,221.88,229.874,274.092,289.387,250.257,278.65,523.659,377.191,152.057,37.1,347.253,332.321,226.625,178.796
2021-06-01,270.955,246.094,262.929,121.58,118.522,222.381,234.625,276.067,296.585,258.638,279.75,523.126,375.697,154.687,36.8,348.095,333.807,234.659,196.878
2021-07-01,272.184,238.028,263.748,121.647,119.39,222.842,238.447,277.877,300.485,265.072,280.9,523.951,376.323,157.035,36.6,348.789,335.262,236.191,196.969
2021-08-01,273.092,217.456,264.539,121.956,120.078,225.16,242.958,278.969,304.693,271.71,281.979,524.845,375.685,158.919,36.6,349.938,335.888,236.783,194.645
2021-09-01,274.214,204.659,264.931,121.105,120.714,226.62,245.847,281.468,315.171,274.721,283.532,525.861,376.842,160.927,36.5,351.355,337.298,237.107,193.626
2021-10-01,276.59,202.41,264.603,121.85,122.65,229.68,255.01,283.912,337.899,287.303,285.453,528.134,379.003,163.028,36.2,352.762,338.865,241.826,198.479
2021-11-01,278.524,206.22,265.002,122.76,124.413,230.122,261.257,286.05,342.299,300.351,286.849,529.754,379.483,164.906,36.0,354.191,340.475,246.749,203.322
2021-12-01,280.126,211.455,265.701,124.117,126.416,231.281,263.553,287.44,339.012,304.315,288.259,531.268,379.611,166.848,35.9,355.544,341.963,250.105,210.09
2022-01-01,281.933,216.293,266.704,125.433,127.892,240.898,265.929,289.959,351.997,301.791,290.151,534.798,382.984,166.875,35.6,357.476,342.974,251.21,213.173
2022-02-01,284.182,227.452,268.706,126.342,128.479,238.283,275.17,292.912,374.728,321.849,291.549,535.732,384.304,167.398,35.2,359.501,344.758,256.028,212.644
2022-03-01,287.708,251.691,270.057,127.044,127.283,243.552,305.469,295.809,433.679,380.763,293.668,538.665,385.084,167.705,34.8,361.05,346.516,266.004,204.562
2022-04-01,288.663,298.522,271.084,126.087,127.351,245.247,297.233,298.379,449.853,357.377,295.376,541.057,385.307,169.624,34.6,363.067,348.29,264.995,203.776
2022-05-01,291.474,336.022,272.413,126.927,127.541,248.505,308.839,301.879,508.909,372.063,297.881,543.22,386.273,171.254,34.2,365.365,350.418,270.297,207.518
2022-06-01,295.328,329.906,273.553,127.929,128.476,252.804,332.087,304.867,505.445,413.606,300.29,546.861,387.787,172.369,33.7,368.203,352.55,280.691,210.863
2022-07-01,295.271,304.071,274.889,127.818,128.864,256.78,316.955,308.22,464.597,381.71,301.639,549.282,390.077,173.432,33.8,370.789,354.449,274.821,209.998
2022-08-01,295.62,290.01,275.861,128.091,129.49,260.643,301.045,310.664,453.418,341.383,304.109,553.006,391.032,174.891,33.8,373.525,356.894,268.586,209.782
2022-09-01,296.761,292.434,275.76,127.722,129.338,261.777,294.705,313.101,440.818,324.646,306.323,557.426,390.677,176.058,33.7,376.679,359.567,267.043,207.532